{"cameraMode":{"drawMode":0,"name":"Shaded","section":"Shading Mode"},"sceneLighting":true,"audioPlay":false,"sceneViewState":{"m_AlwaysRefresh":false,"showFog":true,"showSkybox":true,"showFlares":true,"showImageEffects":true,"showParticleSystems":true,"showVisualEffectGraphs":true,"m_FxEnabled":true},"in2DMode":false,"pivot":{"x":-1.187272548675537,"y":3.1010093688964845,"z":0.1681051254272461},"rotation":{"x":-0.018985683098435403,"y":0.9277415871620178,"z":-0.04764363542199135,"w":-0.36968952417373659},"size":3.165771245956421,"orthographic":false}